{
  "best_global_step": null,
  "best_metric": null,
  "best_model_checkpoint": null,
  "epoch": 4.0,
  "eval_steps": 500,
  "global_step": 92,
  "is_hyper_param_search": false,
  "is_local_process_zero": true,
  "is_world_process_zero": true,
  "log_history": [
    {
      "epoch": 0.8695652173913043,
      "grad_norm": 0.49273520708084106,
      "learning_rate": 0.00016695652173913042,
      "loss": 1.0463234901428222,
      "step": 20
    },
    {
      "epoch": 1.7391304347826086,
      "grad_norm": 0.44529402256011963,
      "learning_rate": 0.00013217391304347825,
      "loss": 0.6367095947265625,
      "step": 40
    },
    {
      "epoch": 2.608695652173913,
      "grad_norm": 0.3357470631599426,
      "learning_rate": 9.739130434782609e-05,
      "loss": 0.5413501262664795,
      "step": 60
    },
    {
      "epoch": 3.4782608695652173,
      "grad_norm": 0.32371529936790466,
      "learning_rate": 6.260869565217392e-05,
      "loss": 0.5011877059936524,
      "step": 80
    }
  ],
  "logging_steps": 20,
  "max_steps": 115,
  "num_input_tokens_seen": 0,
  "num_train_epochs": 5,
  "save_steps": 500,
  "stateful_callbacks": {
    "TrainerControl": {
      "args": {
        "should_epoch_stop": false,
        "should_evaluate": false,
        "should_log": false,
        "should_save": true,
        "should_training_stop": false
      },
      "attributes": {}
    }
  },
  "total_flos": 725061628723200.0,
  "train_batch_size": 32,
  "trial_name": null,
  "trial_params": null
}
